timestamp,open,high,low,close,volume
2024-01-01 00:00:00,2992.472407130842,3040.008122451338,2955.8727100402716,3006.241088501573,1624.0745617697462
2024-01-01 01:00:00,2985.600759721745,2988.504940330155,2942.291952432998,2970.0712731954864,3832.290311184182
2024-01-01 02:00:00,2941.3063428532346,2989.801835461334,2899.6842108132137,2918.8197070874344,1727.2998688284024
2024-01-01 03:00:00,2899.8239776786404,2915.036089826617,2873.5861560970284,2891.49024849457,2164.9165607921677
2024-01-01 04:00:00,2898.2014221779127,2905.176115210515,2883.5941897511516,2891.5009837442713,2824.2799368681435
2024-01-01 05:00:00,2908.611541427852,2918.59523053577,2882.8998195071713,2904.046301042032,1185.8016508799908
2024-01-01 06:00:00,2910.4989921561187,2919.0251983404833,2907.2464125068545,2918.4231320307895,4862.528132298237
2024-01-01 07:00:00,2936.926972917777,2952.157661376446,2932.043367217458,2945.8062315860184,2760.6099749584055
2024-01-01 08:00:00,2923.128525676705,2947.8873711822685,2921.4090996209443,2945.486332163439,2035.1199264000677
2024-01-01 09:00:00,2955.2376692246776,2970.8232230291483,2929.234268165787,2951.97137729673,1739.4178221021082
2024-01-01 10:00:00,2980.146454962604,3018.90309613066,2933.1715078843945,3009.886477842754,3391.5999152443405
2024-01-01 11:00:00,3035.1989319441413,3039.6235570467375,3025.3997888231843,3026.0430912980273,2301.3213230530573
2024-01-01 12:00:00,3019.3637286793964,3032.9311802680913,2977.9268532218,2997.5498298781063,2123.738038749523
2024-01-01 13:00:00,3000.111594867601,3007.157806116339,2960.001745829899,2963.5172604776553,4947.54774640207
2024-01-01 14:00:00,2979.8519466354546,2989.7877307121635,2979.5758407792746,2987.9032431311716,3827.4293753904685
2024-01-01 15:00:00,3001.643673213631,3040.207190547928,2997.941440626926,3013.092263464828,1463.476238100519
2024-01-01 16:00:00,3034.878469017364,3066.0433753587417,3018.3335677747314,3021.3659244372348,2243.929286862649
2024-01-01 17:00:00,3010.8769237588394,3047.3572326757426,2978.999050191079,3039.6473007508303,2888.859700647797
2024-01-01 18:00:00,3016.8229555071284,3052.485194868278,2978.7837030762835,3020.1506698459852,4083.868719818244
2024-01-01 19:00:00,3019.7784056278488,3045.9150470969485,2998.401354709921,2999.609111278787,1431.5657079732177
2024-01-01 20:00:00,2971.494862419991,3003.31538298318,2955.777063366175,2979.9536594306037,4630.265895704372
2024-01-01 21:00:00,2964.911193179536,2985.4303393313176,2927.1336362523834,2940.4718149710534,1307.919639315172
2024-01-01 22:00:00,2927.8569021458793,2935.9179665085794,2881.3720195287506,2925.4517109057906,3533.615026041694
2024-01-01 23:00:00,2947.739346317054,2987.9229501620093,2938.410843372752,2982.6033198217006,3157.3689676626027
2024-01-02 00:00:00,3001.049729131544,3045.8542941277187,2985.149555382951,2991.830228709762,1911.7406501677667
2024-01-02 01:00:00,2987.456696027338,3028.3574343234623,2944.4201668645205,2945.0037097043264,3042.989210310263
2024-01-02 02:00:00,2940.048369893253,2951.1537604167897,2934.0551015265687,2939.8278681785628,4771.638815650076
2024-01-02 03:00:00,2929.220044099808,2955.1595751869763,2894.069096155049,2916.283402754589,4887.128330883843
2024-01-02 04:00:00,2944.030240451116,2956.619355242384,2919.1678151564965,2930.4361712375735,2139.3619775098705
2024-01-02 05:00:00,2902.6493880788453,2933.12760477784,2877.515436917402,2880.378281873162,2114.585856946446
2024-01-02 06:00:00,2904.8742350311613,2916.85232956451,2897.6294914266,2907.038162613569,4942.601816442402
2024-01-02 07:00:00,2891.5614789042593,2925.168256274553,2853.4804981378234,2870.516200915757,3912.865394447438
2024-01-02 08:00:00,2862.583188878912,2894.198480408591,2830.9067033408674,2864.816835203857,1361.1590802176333
2024-01-02 09:00:00,2884.934984939211,2900.9739881877977,2875.6090594192183,2876.6433179802834,3363.5717727529673
2024-01-02 10:00:00,2887.2971796908205,2888.1265711372134,2861.6925267758565,2867.679726145099,3580.6911616377993
2024-01-02 11:00:00,2848.1417118853983,2882.6885987905216,2828.8049445703714,2879.279379381107,1550.0837765839728
2024-01-02 12:00:00,2869.7433604441226,2875.417036506152,2823.5086795301945,2869.04992387455,2031.7665108606225
2024-01-02 13:00:00,2878.648966636601,2919.5100766466617,2850.888926056628,2887.234158154094,1967.4091636018068
2024-01-02 14:00:00,2862.820324222448,2907.6811121201144,2817.7994213642814,2874.7036507639846,2356.1191641948026
2024-01-02 15:00:00,2865.6562252407443,2901.9540091842564,2820.8007122431154,2892.7907002439574,4119.502183430495
2024-01-02 16:00:00,2901.312599013215,2905.519597262967,2893.231163308484,2904.272987108723,3425.7162386383598
2024-01-02 17:00:00,2874.824810205721,2879.8983873490224,2841.6497217503183,2841.843320578252,1643.2322056699945
2024-01-02 18:00:00,2844.7673479402474,2879.362107824882,2812.169284965117,2827.2385729485823,3848.7168853901435
2024-01-02 19:00:00,2811.47351819839,2827.7435031063537,2774.148947942489,2808.9657341867364,4396.893641976712
2024-01-02 20:00:00,2818.422507724757,2846.8379378915306,2813.7387693333526,2825.9098566803227,2060.809470726902
2024-01-02 21:00:00,2810.549235283068,2859.19976302069,2790.89434904973,2851.8259582824717,3524.5545039890517
2024-01-02 22:00:00,2869.5146364949705,2894.6464911502303,2840.6694422636524,2867.254093900418,1780.971951192178
2024-01-02 23:00:00,2880.6012208161083,2894.639838938151,2879.3854224945358,2889.23172569912,1708.4427176281956
2024-01-03 00:00:00,2915.659240760295,2963.3556696104242,2869.9160212492725,2904.503520038962,1061.8264661154697
2024-01-03 01:00:00,2930.2026337942257,2951.6118412100914,2881.869892842042,2949.0746275306215,4412.03782186944
2024-01-03 02:00:00,2936.7415610547964,2955.9964474848925,2894.1847274789534,2913.774221725394,1677.9709867443698
2024-01-03 03:00:00,2917.182297472895,2963.9900361809337,2882.380807639146,2928.903059951768,1388.705975083074
2024-01-03 04:00:00,2935.803493553718,2985.306186058931,2928.7992927918917,2958.088491135151,4509.492287711822
2024-01-03 05:00:00,2972.534608200403,3007.3853952501663,2937.4104040010475,2962.5657941617856,2174.3673770579735
2024-01-03 06:00:00,2981.127463490496,3021.6331332244554,2937.773847561491,3014.3575479373276,3045.369595443751
2024-01-03 07:00:00,3014.4485256185594,3054.363284566898,2981.950329079671,3032.781825316041,4183.170677744404
2024-01-03 08:00:00,3056.1821458250947,3073.0819036676717,3037.4029981930976,3040.756170940997,3313.1205639846958
2024-01-03 09:00:00,3012.9127073688014,3036.1926082754244,2985.7804756334226,3000.225631243119,3363.333042276043
2024-01-03 10:00:00,2972.055646239462,2973.9230556769226,2930.925618206479,2946.4128927879988,1508.242050607539
2024-01-03 11:00:00,2947.747488391287,2986.2471660462174,2936.956437016445,2967.659162675265,1341.3898599750719
2024-01-03 12:00:00,2940.7600659453815,2967.327797523789,2913.7283098648763,2947.894226003651,3904.3653348906464
2024-01-03 13:00:00,2976.4453507714034,3002.260368186463,2960.297527124341,2993.6657990302137,2083.329005048297
2024-01-03 14:00:00,2990.004084272552,2993.9269033396654,2988.7365471017793,2993.733035305794,4343.920482048823
2024-01-03 15:00:00,3005.491487671416,3025.9391348921295,2996.826771667874,3001.3810236758427,2000.9715926583813
2024-01-03 16:00:00,3004.33462355821,3040.064419693213,2971.324754722323,2990.567317012383,4819.461122652776
2024-01-03 17:00:00,3004.841132014129,3032.558834639699,2974.2550947024115,2998.719347619871,1990.9239580046299
2024-01-03 18:00:00,2990.0777083389466,3027.970013862165,2989.358033907459,2993.8398283760016,1184.010568087011
2024-01-03 19:00:00,2966.28355651514,3009.0565857156903,2931.1006635461385,2968.065321661308,1391.3366426040059
2024-01-03 20:00:00,2967.5622741683183,2991.2358627073463,2958.9021806728174,2972.930201949434,2594.018937589494
2024-01-03 21:00:00,2979.881207832567,3011.635890375949,2977.6160073439646,2990.360284675863,3503.4396628569457
2024-01-03 22:00:00,2990.5484601906683,3033.3729522500844,2957.613778609721,2969.9575561629763,1282.2749896017194
2024-01-03 23:00:00,2978.502712855355,2979.828278382436,2949.213933791682,2977.9984663973137,3301.8967115035157
2024-01-04 00:00:00,2971.288661969705,3003.4530728918226,2948.3760174451295,2978.42698360293,4765.859235106101
2024-01-04 01:00:00,2971.593141870976,3019.6526700621716,2926.325609773173,2944.5982208137048,1277.4452035006618
2024-01-04 02:00:00,2920.6449008963505,2921.555992178928,2915.922752858554,2919.770293470645,1284.754593840916
2024-01-04 03:00:00,2908.9088312882704,2951.152596836743,2907.745234501479,2943.09916303587,2127.4190990935995
2024-01-04 04:00:00,2920.1890526931693,2955.0259109613767,2888.741910354175,2946.904265831605,3940.284175215543
2024-01-04 05:00:00,2965.1131216546955,2979.214850283261,2956.2411444657096,2973.4855469522213,4227.338957069056
2024-01-04 06:00:00,3002.9158554722617,3023.546739317833,2984.3149511826227,3014.775019963884,2363.2141610120716
2024-01-04 07:00:00,3040.6204595000977,3083.5410970922485,3019.1707581313467,3067.5045832810197,4018.1714963387294
2024-01-04 08:00:00,3043.692015411176,3088.819660745154,3018.429396788783,3076.6039559768205,2280.198404122447
2024-01-04 09:00:00,3100.3353496865925,3119.7954336233006,3099.7934671125777,3117.902887084328,1365.1467071445343
2024-01-04 10:00:00,3107.061705339753,3154.5648036922935,3059.5313479928755,3114.0271321302075,3527.348848679197
2024-01-04 11:00:00,3110.933863448907,3125.59440203381,3094.5006361804108,3115.4117675857597,4009.49811775072
2024-01-04 12:00:00,3132.9065102093105,3172.387417349038,3128.346205056876,3150.1210746578377,1230.235040066577
2024-01-04 13:00:00,3153.092807597262,3175.169332665931,3108.707598459347,3132.030018752683,1468.2680657104233
2024-01-04 14:00:00,3110.6095196758533,3148.685051261727,3079.69861651004,3086.674709408301,1336.4272244599897
2024-01-04 15:00:00,3098.7328572958486,3102.3710076140583,3057.6398543313308,3089.230883649003,1325.3951225675992
2024-01-04 16:00:00,3064.3211464941146,3113.653125419173,3045.6076067063086,3070.828143860325,4251.19826903001
2024-01-04 17:00:00,3097.6630585033563,3146.9631116944997,3059.994149240409,3092.717055007439,1334.0028667946751
2024-01-04 18:00:00,3109.345869963085,3137.2660824498753,3088.134769500736,3132.66515043765,1444.7899292246054
2024-01-04 19:00:00,3132.2226566951017,3132.790338933473,3108.7896245953953,3110.140943431333,1475.2716650722878
2024-01-04 20:00:00,3087.1925182379596,3119.6530333437627,3049.8902742746886,3090.587688882585,4848.690193898168
2024-01-04 21:00:00,3083.0799236540074,3097.3655279681007,3039.6499672445343,3052.5549264401407,4852.890157762446
2024-01-04 22:00:00,3023.2841949215294,3071.7781362569112,3021.1261993240005,3066.2643241172327,3110.8044363451995
2024-01-04 23:00:00,3095.842211884391,3099.532040121161,3068.149497664325,3098.5686756419104,3092.3913766805954
2024-01-05 00:00:00,3106.332593930026,3141.120028379257,3083.6055406916375,3119.6992221618984,3337.257247692401
2024-01-05 01:00:00,3143.7687027913576,3146.0410218084303,3129.720543311746,3145.231713500619,4561.055135563665
2024-01-05 02:00:00,3142.5711186677618,3173.5777485578387,3128.702059518705,3137.1441261841496,2854.7936197599283
2024-01-05 03:00:00,3128.3452598657127,3157.528065458256,3124.4585280174633,3156.6813135916937,4944.842977918412
2024-01-05 04:00:00,3168.5710164328784,3195.3758347500843,3153.094635618562,3187.5028648990324,3738.924690215517
2024-01-05 05:00:00,3167.2598812597257,3212.8062404844177,3126.133019113567,3208.4552372563326,3902.8780335534398
2024-01-05 06:00:00,3215.26014901248,3236.172300827011,3168.623724844779,3227.1251072901646,1180.8746804247576
2024-01-05 07:00:00,3198.7071257599996,3217.530294103902,3158.179459220908,3216.7751217558007,1601.6675644141128
2024-01-05 08:00:00,3222.4229646769286,3241.4675075084797,3173.9272447861986,3230.804178098189,4353.314818844552
2024-01-05 09:00:00,3228.925767685887,3249.6667428027704,3215.2554140893517,3217.195369835989,4458.889505020213
2024-01-05 10:00:00,3235.9694303837937,3285.9553140481003,3186.1375885300986,3241.579518063937,4075.949660722042
2024-01-05 11:00:00,3268.2654618568827,3310.747831390753,3255.8980567697226,3280.6103010483084,1516.6376606059798
2024-01-05 12:00:00,3307.8533626838316,3338.1620944063757,3296.4212224086587,3324.4585946972225,3472.512961831583
2024-01-05 13:00:00,3315.948357779193,3321.6262373891745,3282.369697999553,3302.795177754806,4089.2735669425574
2024-01-05 14:00:00,3304.0049878215254,3346.6140628374524,3276.409645882801,3315.789969122168,4506.6144106333795
2024-01-05 15:00:00,3309.9989410949115,3316.6997025174437,3308.5598072792445,3314.706545430889,3481.238205413859
2024-01-05 16:00:00,3326.9513315168424,3337.599539592288,3320.132757737504,3320.3868062398756,2402.3502352263877
2024-01-05 17:00:00,3325.7818674511536,3345.3940697061403,3303.908121349967,3341.4180022555197,2393.021868093201
2024-01-05 18:00:00,3342.2573716051083,3381.4400222421655,3322.430232489045,3359.1394378777045,4449.45483498698
2024-01-05 19:00:00,3386.110675297163,3393.464349343615,3339.7812940390886,3366.199600216736,2032.9775531958335
2024-01-05 20:00:00,3363.7477455910316,3412.7493743553055,3339.116840891388,3363.3236548371997,3533.6034172669033
2024-01-05 21:00:00,3347.732391963891,3351.5255583693242,3341.2884058683585,3342.5992306488833,1607.6107740491775
2024-01-05 22:00:00,3320.928861007848,3352.9725982480086,3311.8348567878907,3326.054828120489,4587.153639624047
2024-01-05 23:00:00,3324.4925265362617,3357.870413462313,3315.8765329761804,3323.9514950508274,1163.4744650659154
2024-01-06 00:00:00,3304.087598835157,3318.0171157867553,3295.23707462132,3297.2577219917844,1482.5434844024032
2024-01-06 01:00:00,3294.904448073748,3305.2211339940377,3276.690955021344,3291.053539856778,3761.579314517461
2024-01-06 02:00:00,3263.412268247244,3303.382788192696,3232.0172487726986,3237.8520261901867,4494.314496427109
2024-01-06 03:00:00,3263.1043702220954,3266.1582682148387,3249.2604878147354,3262.883499998961,3993.0387615346335
2024-01-06 04:00:00,3243.9547611603434,3254.422227327179,3225.4311560207743,3239.477996434039,3473.019086121184
2024-01-06 05:00:00,3231.6128148082253,3254.739550614883,3194.2392679015375,3196.4586120472495,2009.747777376083
2024-01-06 06:00:00,3209.2595872003226,3254.0199290846826,3183.675715094539,3221.1068199690835,1428.6880453591043
2024-01-06 07:00:00,3217.9515619784906,3244.582425301242,3205.828036796754,3216.26239357117,2509.1366524184905
2024-01-06 08:00:00,3187.4666654378334,3203.5706237169925,3176.8942650880063,3185.6307019047476,1479.0485272770047
2024-01-06 09:00:00,3209.0623387491414,3238.741961426844,3175.107222791917,3225.3259282988965,2993.768795716229
2024-01-06 10:00:00,3200.5411455841418,3227.396472675069,3171.199089683098,3213.0908373111683,2726.6381849187173
2024-01-06 11:00:00,3190.7456554789023,3204.9344507688384,3172.5915406589706,3193.4823839337723,3283.1132186756477
2024-01-06 12:00:00,3184.848187487643,3234.1739499272917,3154.5594465197987,3173.4461397388127,1407.129890481615
2024-01-06 13:00:00,3152.6176880898724,3164.915574509098,3144.5836194268945,3148.376891779726,2140.3806747753883
2024-01-06 14:00:00,3128.7793074974115,3173.617578728733,3124.7676202143293,3150.3899798351686,2641.5873079586463
2024-01-06 15:00:00,3179.332696849685,3184.9346419580875,3159.439916897398,3184.156299048221,4462.028503575921
2024-01-06 16:00:00,3203.180623305178,3216.0757646574248,3194.636243935675,3208.9716341047024,4717.503956510343
2024-01-06 17:00:00,3212.377407685538,3240.958042159033,3198.3784530025237,3231.143145956674,1748.1749942300935
2024-01-06 18:00:00,3220.5639001409286,3241.8357220717494,3195.1833812067057,3206.492362672338,1459.347298956814
2024-01-06 19:00:00,3213.129565218836,3227.5610928808487,3184.0676541477055,3190.7814194471657,2924.5604074192697
2024-01-06 20:00:00,3192.736785400261,3195.3279622413825,3175.906571490565,3178.5170914540417,1253.499881891071
2024-01-06 21:00:00,3207.9147053974384,3224.0323976461746,3167.4209831047065,3181.836550770649,3726.010888895717
2024-01-06 22:00:00,3197.45022236403,3227.2321593944225,3173.871412936522,3195.8475515373243,2395.4730661719814
2024-01-06 23:00:00,3221.619300192194,3263.15027058158,3173.3679546588683,3184.5276472461633,3923.469900814577
2024-01-07 00:00:00,3210.8280746554256,3219.8897279637085,3207.503261287087,3216.6831275128743,3297.8924527196477
2024-01-07 01:00:00,3237.1928541183706,3244.181472949685,3197.429488525376,3206.8559658517634,1654.623771462818
2024-01-07 02:00:00,3186.711913727623,3227.4406497391924,3153.452052692813,3192.1529296349486,2435.32193649401
2024-01-07 03:00:00,3214.784962083735,3234.407217454867,3173.9549901101564,3200.501673438042,2507.7777176996306
2024-01-07 04:00:00,3198.2624605782185,3213.3313542864257,3160.8819915694057,3187.249355654608,1928.8507805872691
2024-01-07 05:00:00,3211.223830051082,3230.418391119743,3184.046186995383,3226.0812967580705,3496.9519836559684
2024-01-07 06:00:00,3203.095179200572,3250.086785381246,3171.709776547001,3197.9586768656177,1557.088290653549
2024-01-07 07:00:00,3215.6001882218357,3246.6038260182613,3188.9271336230195,3240.483901170038,4154.388844898123
2024-01-07 08:00:00,3219.5843939540027,3235.17049734378,3207.1599369632795,3227.9982895112357,1134.1297389431174
2024-01-07 09:00:00,3232.191670603515,3270.3146048905496,3188.3533887654276,3216.3908249043916,4285.0292186880515
2024-01-07 10:00:00,3193.028729121704,3235.3513437084302,3186.654296005105,3206.001014145448,4189.181463118215
2024-01-07 11:00:00,3184.9960597863746,3196.4586295480067,3148.883431366721,3183.139312290667,3564.590531541189
2024-01-07 12:00:00,3194.776218958693,3221.9124411260727,3182.186266013345,3195.91944558705,1726.3908672057028
2024-01-07 13:00:00,3220.426479267068,3249.596069005374,3200.3839084288857,3223.12021222509,4789.133358447261
2024-01-07 14:00:00,3202.321296412055,3231.6327880128947,3177.0268624678315,3210.415886922189,1072.440735283362
2024-01-07 15:00:00,3232.743321458838,3279.349235583019,3204.486662279378,3256.6397356489038,4689.9975247091825
2024-01-07 16:00:00,3269.0740537077077,3276.7010058534206,3240.259635699367,3262.3691632826385,2696.522685209544
2024-01-07 17:00:00,3276.555817420122,3323.2741681585726,3230.277391774783,3272.2039999822614,1452.952183363021
2024-01-07 18:00:00,3301.2944719200013,3343.239376242298,3295.061337859838,3339.4256934247546,4479.585448248514
2024-01-07 19:00:00,3340.555976852319,3370.1197486395654,3320.6058416588126,3323.3173043495603,2340.7889665836037
2024-01-07 20:00:00,3341.488511265441,3341.7201124156713,3324.8135526808837,3331.545215483601,3149.5824117516913
2024-01-07 21:00:00,3356.736552468367,3374.053852186665,3339.3888923735553,3364.954343501398,2808.8717635592284
2024-01-07 22:00:00,3348.430632877797,3371.0526086844316,3341.387781858807,3346.6202712678078,2993.471090957919
2024-01-07 23:00:00,3341.755798238081,3387.498093291486,3323.636103282249,3360.713630707185,3529.0571516781215
2024-01-08 00:00:00,3331.499298102485,3364.6761667033206,3322.597499758998,3363.0380575578697,1594.6509110124518
2024-01-08 01:00:00,3357.9155049814913,3362.1829883854234,3308.071792389194,3335.2461650215564,3381.540069280175
2024-01-08 02:00:00,3309.2707536648622,3346.768777184821,3298.775474010083,3341.876065790585,1820.5585619280287
2024-01-08 03:00:00,3323.317329030405,3325.1448124228095,3299.713981774905,3314.078360977877,1262.8345577134096
2024-01-08 04:00:00,3330.6100179795776,3353.274459716979,3304.3905045131987,3325.9367308900223,2603.052243501304
2024-01-08 05:00:00,3329.5151507685155,3337.277163065051,3320.418744243752,3334.947087176971,4784.461848534531
2024-01-08 06:00:00,3327.345646153756,3340.882879810934,3295.1456689918055,3313.840029944301,1101.5454226413794
2024-01-08 07:00:00,3293.2091857862724,3329.007797228642,3260.262988690765,3262.1256975075607,1887.8886477317978
2024-01-08 08:00:00,3245.990185302845,3279.5848224827814,3245.004658415127,3248.6047502610045,4199.664341492758
2024-01-08 09:00:00,3229.3174299842644,3261.954735376858,3217.408290931928,3221.8380514100086,1972.6887639978163
2024-01-08 10:00:00,3235.174067321348,3277.9588907266625,3193.6630740929986,3227.1439840756275,3672.3405462825845
2024-01-08 11:00:00,3209.443041800577,3224.1004283136276,3164.626250874521,3165.399529580448,1342.0341234178723
2024-01-08 12:00:00,3147.8727048892097,3149.1993150829007,3138.80093313472,3144.863621977346,2685.698202369992
2024-01-08 13:00:00,3168.4239246419647,3209.2961027288866,3151.333057057071,3166.370029377388,2518.7696326690675
2024-01-08 14:00:00,3171.787725928277,3185.1909079694206,3140.5802805358203,3158.8443912186985,3208.188723407921
2024-01-08 15:00:00,3155.0119829668174,3169.7352709439133,3107.5893176187096,3155.0443276614174,1560.45270306581
2024-01-08 16:00:00,3177.152406215292,3201.523966127768,3132.4247948705874,3187.6941301822467,2700.8540178769335
2024-01-08 17:00:00,3159.0422886814536,3172.476156650701,3131.96057794841,3157.6263146199635,2031.5507417328092
2024-01-08 18:00:00,3135.987679064333,3177.734190904298,3086.767570029155,3134.587829540468,1686.717143393214
2024-01-08 19:00:00,3120.9262691316303,3121.845802959004,3075.2113288036053,3080.702588635416,3306.0659020570142
2024-01-08 20:00:00,3067.145901876648,3094.8548020024377,3034.574882459055,3084.5916516283064,1825.6850870424128
2024-01-08 21:00:00,3055.2514013478153,3062.095682851256,3010.2504692554103,3055.557486985929,3389.6524086812333
2024-01-08 22:00:00,3061.588498611948,3094.840332339261,3052.8199346807755,3091.2438882722117,2675.0820995682925
2024-01-08 23:00:00,3084.2321999671817,3110.1780852313236,3081.883901628429,3086.5887537941217,3952.134465705482
2024-01-09 00:00:00,3061.5566738696293,3091.714279342949,3049.2892183855633,3065.805108541737,2154.7749470827994
2024-01-09 01:00:00,3057.145471529634,3093.0977667888465,3042.2893857484755,3071.0674885357143,2904.2016087963984
2024-01-09 02:00:00,3080.8877584574734,3127.7292454237113,3044.259153596961,3062.2002467352077,1124.7325402451388
2024-01-09 03:00:00,3047.936089393197,3077.68998592821,3045.3647987189847,3061.409930584105,3387.371395667557
2024-01-09 04:00:00,3051.4645640331228,3090.010174220414,3046.1346513764342,3049.4313608354296,3912.7550248144134
2024-01-09 05:00:00,3049.1608398078015,3083.5809596291883,3027.419472877614,3041.2577774029332,4276.409270696799
2024-01-09 06:00:00,3059.222730141072,3093.9575536837933,3045.615473279574,3074.1484516343953,2443.8955877601074
2024-01-09 07:00:00,3049.6433760339933,3095.5090548071053,3042.8024444880452,3092.886234406493,2784.023091831823
2024-01-09 08:00:00,3073.99421013681,3101.0892575057283,3030.3469183429897,3082.1462196007724,4226.2445914457985
2024-01-09 09:00:00,3091.6732216034156,3126.287049829308,3049.2134390251495,3068.4562539702115,2957.699854572562
2024-01-09 10:00:00,3051.7288204793877,3101.11222087922,3004.525853495057,3008.3339459826816,3822.300690062754
2024-01-09 11:00:00,3033.8488450276213,3042.877612283988,3005.4515834999897,3039.7146748769333,1135.7839143431954
2024-01-09 12:00:00,3051.5598909117434,3066.427341280371,3005.340081142917,3064.6593687739532,4777.065956453735
2024-01-09 13:00:00,3063.112221773401,3106.2143543228667,3020.8847518466473,3048.1134683784676,4315.661896602709
2024-01-09 14:00:00,3020.3339264613974,3050.1474203855,3008.833484597012,3013.8145771742325,1307.8128065168366
2024-01-09 15:00:00,3025.591903726921,3042.5856519153244,2989.353565150483,2992.832619554525,2261.161351322441
2024-01-09 16:00:00,2995.202097097045,3034.7382553389934,2979.264471950442,3013.985034591671,4543.910992944749
2024-01-09 17:00:00,3020.9368258826094,3032.584799620291,3019.7167868047823,3030.913230264899,1085.0776434015486
2024-01-09 18:00:00,3053.395330625951,3079.8421873273114,3006.441945700306,3065.0728282136943,4991.73644213335
2024-01-09 19:00:00,3056.1155371407967,3094.474951587353,3036.0189914603347,3064.070581586748,3510.0218528734804
2024-01-09 20:00:00,3086.4912084379284,3135.695381897893,3048.0775377447026,3084.68136255702,2685.428009108281
2024-01-09 21:00:00,3098.936300652353,3110.875157940768,3093.4125949957834,3099.6052067452715,2148.955966616327
2024-01-09 22:00:00,3087.383693972631,3099.0640815251268,3085.279034490813,3085.5254275218012,4950.889558944126
2024-01-09 23:00:00,3081.191815545953,3100.408147903937,3047.2094514112996,3058.820273750171,4799.844735800902
2024-01-10 00:00:00,3076.000974615104,3080.471524730717,3055.1219358258577,3077.4072235212943,4778.928089165642
2024-01-10 01:00:00,3075.4513141962866,3106.121883656822,3067.0996168916827,3105.7772634300363,1926.6868055337736
2024-01-10 02:00:00,3132.341169878144,3164.823502327762,3101.954330134201,3134.1866324149582,1922.6792468710346
2024-01-10 03:00:00,3114.7783143352885,3125.8026247887974,3105.4564012280757,3121.3180012117323,2400.5010366669203
2024-01-10 04:00:00,3094.788561805536,3143.243693312577,3050.599267557365,3136.550345077072,4979.631290585741
2024-01-10 05:00:00,3116.9840600302414,3136.7961609753743,3079.0721362450367,3119.249247614399,1615.5836253594202
2024-01-10 06:00:00,3138.199235113836,3149.421263705669,3127.008354372705,3139.0435134271356,3371.7597393668125
2024-01-10 07:00:00,3143.8486858974043,3148.423027767292,3099.9756427658854,3112.8432702855703,1518.0596851312166
2024-01-10 08:00:00,3136.168155077709,3183.9507299891966,3093.0617742144364,3166.6378449290632,3620.9679225560867
2024-01-10 09:00:00,3169.6892871656114,3174.0386251611817,3149.2666265120765,3158.4988659520427,2039.0151350413048
2024-01-10 10:00:00,3171.9040727733577,3196.6978595272963,3167.8517619779755,3174.2031881001417,3733.035054638384
2024-01-10 11:00:00,3148.7710396695597,3191.3313853719983,3124.013713318861,3156.365682924476,3369.6311386380703
2024-01-10 12:00:00,3175.846540879985,3193.2370012750944,3141.9457332520315,3170.962843046553,2068.1130806776855
2024-01-10 13:00:00,3193.680642227863,3233.551943308209,3160.7580504949415,3222.6752057115514,4469.176803839209
2024-01-10 14:00:00,3235.1769843144534,3277.027650732637,3200.3034112309892,3252.486694698362,3474.4455128607374
2024-01-10 15:00:00,3267.6496930718204,3275.579948336474,3223.606155111874,3268.9191703471106,1116.9891321382365
2024-01-10 16:00:00,3288.4681753809964,3294.911668754669,3271.712232668039,3288.961204939758,1643.0395841932327
2024-01-10 17:00:00,3308.0392263869016,3349.6459352847887,3282.66583969886,3283.093565996853,2148.152532699651
2024-01-10 18:00:00,3290.1091810993976,3339.1684900007685,3258.5185047485643,3279.4716597298584,3536.0228123984452
2024-01-10 19:00:00,3281.87078251281,3320.863052270367,3276.521750571462,3310.266718397589,3165.066314704441
2024-01-10 20:00:00,3338.0462386291288,3355.139846931063,3306.4151439724315,3351.827936562503,1410.038911962717
2024-01-10 21:00:00,3378.0616457966903,3412.455931911731,3374.669792841432,3386.0420440371777,3832.6883545811265
2024-01-10 22:00:00,3360.083080125304,3389.191603134118,3342.7889272776565,3371.6010687828675,1182.9681352500513
2024-01-10 23:00:00,3393.89327715201,3442.5677256108797,3345.4493843877253,3418.2543267814976,1520.3449605225278
2024-01-11 00:00:00,3433.750118537239,3434.979464360179,3432.643940960789,3433.3997401998945,2954.572761618663
2024-01-11 01:00:00,3449.624185268362,3483.788954098687,3427.3290499495247,3442.777985300442,4988.498000630845
2024-01-11 02:00:00,3438.3488634346004,3460.9182146510843,3430.167672375017,3454.608497005274,3774.7289031259547
2024-01-11 03:00:00,3437.8546737725997,3441.9737260533916,3403.829708668864,3428.795395804772,2093.0381079928375
2024-01-11 04:00:00,3455.8472095397965,3463.4001041288416,3434.2304694876666,3461.7554011205516,2678.909267704489
2024-01-11 05:00:00,3470.0669579803966,3489.9466778785363,3456.356197862963,3489.4084793825286,2637.3360252601724
2024-01-11 06:00:00,3513.0544316032765,3524.552161897831,3502.3991964020224,3503.0889086659067,3606.6673015035403
2024-01-11 07:00:00,3495.2004892893324,3538.418401781314,3471.5399939547547,3536.2912288818297,1742.1020628124847
2024-01-11 08:00:00,3558.4086189591662,3597.2384615987535,3519.8625267269636,3585.2284187665164,4044.0959637719957
2024-01-11 09:00:00,3592.8016380644012,3599.3638819485204,3591.1753290898387,3598.7157403664805,3466.601258082952
2024-01-11 10:00:00,3616.507977825051,3640.5840954006785,3610.642568376931,3614.3908221571533,3742.2611489158853
2024-01-11 11:00:00,3610.209175851121,3620.2354121861376,3585.6294485140493,3587.8514606578947,3327.8856076575953
2024-01-11 12:00:00,3573.9910649240005,3613.86901995586,3558.4729669778217,3583.6903664730276,1046.4821596324025
2024-01-11 13:00:00,3558.037179740701,3577.6618575610355,3534.040238004845,3560.214106080802,2166.650314837213
2024-01-11 14:00:00,3571.913019248395,3614.9191391078552,3532.9204698037274,3536.1691607616854,2922.0277890313155
2024-01-11 15:00:00,3512.4649714667758,3524.5672222599023,3463.1318418034184,3471.8861096949263,2995.5526138054242
2024-01-11 16:00:00,3478.9754537540134,3514.0987022812187,3450.993019579668,3451.609615576628,2305.8452329759675
2024-01-11 17:00:00,3452.6723141797106,3457.065639136952,3435.1409676192516,3435.868934872869,1314.313988620083
2024-01-11 18:00:00,3429.6843314449648,3436.3201191471176,3401.3072890318867,3425.4474088666925,4202.346796436332
2024-01-11 19:00:00,3407.456423521381,3415.8305526343347,3402.228031504661,3410.885087421642,3825.9029059476047
2024-01-11 20:00:00,3382.7802561111803,3429.5908684233646,3380.1816919286066,3406.926698095463,3836.242077803666
2024-01-11 21:00:00,3429.184845520228,3464.8891921268496,3389.0984413667384,3414.825626305222,4259.300454986049
2024-01-11 22:00:00,3389.632517088303,3434.3733498913293,3362.252898280616,3421.19678255074,2809.2731380732002
2024-01-11 23:00:00,3429.8114442625315,3456.131577309337,3393.231968174765,3398.3664621381513,1241.4083359622553
2024-01-12 00:00:00,3383.19265617876,3391.1698901844193,3339.60347784915,3350.9075567109135,4903.461023276525
2024-01-12 01:00:00,3341.12130421718,3350.2272000016146,3301.636378860056,3333.643530563973,2992.782865812556
2024-01-12 02:00:00,3336.9653436202307,3372.925432533844,3325.542606553666,3372.7517231163315,4899.172648587133
2024-01-12 03:00:00,3381.771264297148,3391.748386843605,3347.759852175583,3350.9357543919396,1122.6100088232242
2024-01-12 04:00:00,3336.396727702612,3359.527875539578,3292.9831024321934,3341.3724031905003,3970.826084799924
2024-01-12 05:00:00,3336.902003257385,3354.198752884733,3318.350065108155,3353.7560059512025,1160.4367656499298
2024-01-12 06:00:00,3375.777895718549,3404.7116661471687,3353.8471247590696,3390.737023044291,2946.675765698811
2024-01-12 07:00:00,3413.1424173291907,3458.177510529754,3392.056370985518,3410.36054039622,3369.4013143734487
2024-01-12 08:00:00,3435.1023411332217,3445.635450583505,3403.9540119550475,3430.278350509009,3932.452089661124
2024-01-12 09:00:00,3408.1724116166447,3443.963659850749,3362.7207855833626,3377.3187578052807,1950.1732996955107
2024-01-12 10:00:00,3405.602463447779,3414.6513110832534,3362.8832087793,3388.3674992138726,1988.9242976127082
2024-01-12 11:00:00,3410.6124932902235,3432.877756040357,3384.871625593739,3402.117029585922,3371.80340573971
2024-01-12 12:00:00,3381.928461941023,3401.4825387736114,3333.457845824259,3351.0172933237154,3626.9466581651686
2024-01-12 13:00:00,3340.528697177197,3379.202353461527,3333.9850141412794,3377.837741416513,2815.158165534557
2024-01-12 14:00:00,3362.000769217301,3365.6756065838013,3353.5128739629235,3359.8347455225085,2348.012705725145
2024-01-12 15:00:00,3379.5677474754652,3401.1121236585554,3367.1320338460837,3388.1026759182055,3827.108867541783
2024-01-12 16:00:00,3368.1251903922625,3376.5061512066786,3366.2916190455853,3373.813621111967,3655.21811048722
2024-01-12 17:00:00,3372.291473656956,3414.499996105416,3332.0079660094534,3380.2950358540734,4473.085122053035
2024-01-12 18:00:00,3362.6455084562795,3368.241489426166,3349.15802788043,3350.247442703377,3124.6781120041283
2024-01-12 19:00:00,3376.443784241075,3378.4109612745,3370.3382885405736,3373.9887433065055,4735.50007011162
2024-01-12 20:00:00,3362.9581096051106,3388.31985003953,3360.879466652591,3364.9500609598363,4946.5204918353875
2024-01-12 21:00:00,3392.857182745999,3393.10418179272,3345.266593474837,3375.840549945806,4471.673178080088
2024-01-12 22:00:00,3373.1249412838374,3398.9047427128,3348.6826122709913,3382.1739560004517,1558.6050190252517
2024-01-12 23:00:00,3353.9723713928124,3369.368868472372,3318.7383332559803,3328.9582815722415,3693.729733299669
2024-01-13 00:00:00,3357.153004338678,3361.8480401281486,3323.5228984274218,3340.529688461998,4472.569017510021
2024-01-13 01:00:00,3321.1586758288413,3355.7899734401494,3279.2529113464357,3351.5509085169238,3732.9921131585834
2024-01-13 02:00:00,3351.3813943574296,3382.2737563674905,3307.9361451334935,3350.3539106454605,1121.5482387873474
2024-01-13 03:00:00,3376.2108323758794,3410.6871699274575,3342.385163087017,3357.116208821399,3635.541880930629
2024-01-13 04:00:00,3350.748073160649,3383.3097220127233,3345.418421645249,3370.3450356772955,4997.654903082666
2024-01-13 05:00:00,3343.2377580089287,3392.096467219995,3322.892359972785,3383.1520751358025,4129.541936233094
2024-01-13 06:00:00,3387.1730507950024,3424.095511257569,3343.247272729935,3375.9213058534124,2308.132646252955
2024-01-13 07:00:00,3385.9769089872275,3426.3692060842905,3347.862652248397,3410.496252423528,2742.3332592517318
2024-01-13 08:00:00,3429.5663053940293,3435.5767581625596,3402.341850495987,3402.5332390459253,2298.343319601081
2024-01-13 09:00:00,3394.520931138209,3414.329565718672,3359.747570803716,3380.9558471114187,2794.774490490123
2024-01-13 10:00:00,3365.2084949638784,3383.871084545345,3353.845013600721,3356.0427996006497,3413.7943735255117
2024-01-13 11:00:00,3366.1355675139507,3397.1100848144315,3342.960865323922,3363.5259688942215,4453.334598287302
2024-01-13 12:00:00,3364.6708760023944,3388.629969883881,3363.3887727120728,3372.0022764136356,2520.782475143428
2024-01-13 13:00:00,3365.9316432674495,3394.940261728816,3339.2515159311056,3373.1049881128133,4059.533046168513
2024-01-13 14:00:00,3391.884132435779,3427.7902862471037,3344.1079476380323,3345.6336927952734,1783.1119427341844
2024-01-13 15:00:00,3316.087465293962,3348.461201001692,3271.1859378464624,3290.0010963880354,4708.138179185226
2024-01-13 16:00:00,3263.617139805409,3310.3389411456847,3246.0360054434273,3252.5576624540668,2943.4870367453022
2024-01-13 17:00:00,3237.964256517297,3252.2079016153934,3222.599758270983,3246.375864163286,3156.645106701018
2024-01-13 18:00:00,3235.0543261126463,3265.571015278192,3199.246792401487,3217.3283673876767,2654.196406101406
2024-01-13 19:00:00,3194.6415329878937,3203.6990004646277,3160.5856402896447,3168.4080571234,3100.653534668241
2024-01-13 20:00:00,3180.9508328267457,3186.294678981483,3152.5852218453006,3161.233814005221,4851.707500950319
2024-01-13 21:00:00,3160.2465528084167,3200.5461802971745,3132.7352257006037,3135.679070994944,3532.6055023760896
2024-01-13 22:00:00,3162.7632715273435,3192.84386253466,3121.803828556004,3184.617885756422,1912.31908779573
2024-01-13 23:00:00,3167.3405761509152,3197.8896255934646,3146.78915266058,3189.7064624350983,4600.092493592045
2024-01-14 00:00:00,3180.911745193261,3192.755273141985,3141.885469431068,3155.864798517977,4290.457274054714
2024-01-14 01:00:00,3151.2890937369025,3184.666588701476,3146.512328045169,3170.3152193317464,2807.0707149489162
2024-01-14 02:00:00,3175.511727122275,3183.912437509518,3138.668039875066,3177.704773929275,1866.9592003631026
2024-01-14 03:00:00,3153.4476472604847,3154.6295765628015,3121.3490722383212,3141.55346793174,3186.78965085628
2024-01-14 04:00:00,3125.4702936986987,3145.0155934939744,3095.74647693939,3120.221741208977,4951.142080859549
2024-01-14 05:00:00,3098.408126362381,3133.165354064761,3078.1921879571664,3101.73167651568,3870.391062632705
2024-01-14 06:00:00,3113.2778455951425,3162.840645280252,3106.858131122436,3112.6864510430505,3897.355268514965
2024-01-14 07:00:00,3117.389666063435,3131.0976993914255,3113.418697613986,3114.9330499608536,4576.7634986564735
2024-01-14 08:00:00,3096.4450894439783,3112.613667549754,3085.112269332629,3094.875164104921,1277.6953709843735
2024-01-14 09:00:00,3096.0187515594175,3099.399379739028,3056.0009261682994,3066.1436691040076,3160.0476584180424
2024-01-14 10:00:00,3088.948414357695,3121.492282810055,3062.3005250301285,3081.498409984388,2332.0076522327918
2024-01-14 11:00:00,3091.6676272962795,3141.374595357338,3058.5756678038106,3104.75953656919,3922.602040956984
2024-01-14 12:00:00,3102.671873306213,3105.678990436252,3074.5570325123176,3104.36020632359,1701.2117694306385
2024-01-14 13:00:00,3115.76049977283,3125.807184205783,3088.969115549176,3092.530489238739,2801.4837450327404
2024-01-14 14:00:00,3107.900288972454,3125.278865184403,3074.654702748093,3114.9236907730688,4708.711277917811
2024-01-14 15:00:00,3099.002215684396,3118.9680114748617,3091.381415017875,3118.7606568821348,4708.003871697181
2024-01-14 16:00:00,3121.158084698968,3163.2597494177894,3095.110185835366,3137.607278328999,1356.4977284640665
2024-01-14 17:00:00,3152.9235035588076,3159.3091777405693,3111.620122046181,3148.91430307367,3834.9787909719057
2024-01-14 18:00:00,3121.083925905156,3136.2403437024223,3107.9282974096136,3118.124496049673,1350.5709870553542
2024-01-14 19:00:00,3144.3419654315367,3172.0320774671554,3129.0657498986357,3146.1225877998972,2788.810162019343
2024-01-14 20:00:00,3152.1582478015343,3177.942219186359,3106.1886491408136,3141.8475532215753,4968.632059293251
2024-01-14 21:00:00,3162.933050686281,3173.358576404148,3116.4032899540853,3123.0309714788145,4269.798833964766
2024-01-14 22:00:00,3115.8683690874095,3159.767085109663,3072.465534582037,3142.824071621903,4160.121745228245
2024-01-14 23:00:00,3131.1048199677853,3135.150784120348,3110.955811029527,3115.154232000223,3779.804355609847
2024-01-15 00:00:00,3105.9202155924904,3154.7007256354864,3073.871611725224,3140.3519868922026,1530.0986909673938
2024-01-15 01:00:00,3162.07285582856,3208.2107153542297,3137.7197598876132,3180.455108724123,4059.239203611982
2024-01-15 02:00:00,3160.9454263597477,3186.07373018292,3141.0122749711322,3147.608100063122,2470.1376891661257
2024-01-15 03:00:00,3121.6984386262516,3122.989033973726,3114.9401241685105,3122.692150833732,3198.1181435800677
2024-01-15 04:00:00,3150.641480502925,3172.2663744194315,3135.050673848662,3153.887097862456,2758.0467545316405
2024-01-15 05:00:00,3130.2269789181605,3162.2682946526706,3119.4250697926805,3145.9702158649097,3600.8043695926135
2024-01-15 06:00:00,3125.0917070526284,3128.1591884081618,3086.0536277492065,3105.413782383239,1232.655182021903
2024-01-15 07:00:00,3135.1057614134247,3137.9947894632433,3100.353999970497,3137.380451324788,1956.7204168637024
2024-01-15 08:00:00,3115.9154134460196,3121.984660417141,3100.75165606764,3102.8971622123277,3768.6453667765277
2024-01-15 09:00:00,3076.6346701001316,3102.105776507621,3026.799827407483,3088.096631091929,3460.8777529240438
2024-01-15 10:00:00,3076.4718483391257,3107.6666401537077,3050.119775143543,3074.6395381193565,1522.841506960798
2024-01-15 11:00:00,3097.8357910337845,3120.3250234748507,3088.1046654427464,3099.954003397667,2656.519010115708
2024-01-15 12:00:00,3119.6062771316792,3156.2869961597494,3081.1410324496123,3081.9699874460443,2664.615992719046
2024-01-15 13:00:00,3080.8506365441635,3081.8102503853165,3067.8599761069117,3078.4662276705453,1548.4388229159963
2024-01-15 14:00:00,3080.584835557701,3091.344929158563,3079.9787968255064,3082.720324511509,4903.495019640215
2024-01-15 15:00:00,3100.8125512244883,3148.79138344054,3076.41984902817,3084.3616261070415,3191.8379558947718
2024-01-15 16:00:00,3081.624266180639,3123.84212031762,3076.7201371414267,3099.7270277860925,1600.1946587759371
2024-01-15 17:00:00,3089.2075833994963,3126.075437268886,3065.406676931058,3088.211353216364,2577.9051142801413
2024-01-15 18:00:00,3085.7781593207233,3125.028986512576,3041.1739248737117,3121.2835738962435,4147.6135450211805
2024-01-15 19:00:00,3110.2079876411244,3144.6147229454514,3088.3278314383547,3102.662449111506,4363.4863177036905
2024-01-15 20:00:00,3074.9680300492455,3120.0561296560168,3051.894156818009,3095.3270665725536,3637.415688823131
2024-01-15 21:00:00,3119.0341310149456,3150.8676151233058,3088.3374517769425,3092.505214760571,3073.632087780816
2024-01-15 22:00:00,3071.5153548095936,3108.387043245668,3045.90425876896,3088.406784492305,1166.6916024095372
2024-01-15 23:00:00,3063.4943054550536,3099.3104748581877,3059.89008865512,3062.6990563831932,1048.4339009395499
2024-01-16 00:00:00,3090.089140281162,3126.9645582541125,3072.426569856059,3088.599023947935,2398.812918983398
2024-01-16 01:00:00,3105.078235818806,3138.146766372327,3095.818457425433,3103.1882111619925,1393.5825988535894
2024-01-16 02:00:00,3112.806374344073,3151.02500745516,3099.554052927823,3100.632110064622,1328.6866699057093
2024-01-16 03:00:00,3128.7037121553235,3143.4759510291947,3090.2425547634166,3123.495518057031,2527.758558611584
2024-01-16 04:00:00,3105.8367537887643,3111.906074696735,3075.086105386821,3103.608097416327,3575.6170141645225
2024-01-16 05:00:00,3105.4262254112764,3107.523786582858,3057.001786531557,3097.354424963304,2171.288146803859
2024-01-16 06:00:00,3126.152644724835,3156.2467242066514,3097.031511814473,3141.328824019285,4247.07915236055
2024-01-16 07:00:00,3150.7175404591753,3157.122327777485,3133.8041651594503,3155.445370407711,1898.4624473754077
2024-01-16 08:00:00,3147.7753918379617,3169.3792359851714,3125.8051423532393,3152.5134291115733,4772.303350978831
2024-01-16 09:00:00,3136.9549918215234,3143.0300606365695,3127.0814673285267,3141.2266718567407,3583.2432506208243
2024-01-16 10:00:00,3128.3810792110903,3169.178426159521,3085.3125793929185,3156.3062212072496,4675.706134558218
2024-01-16 11:00:00,3141.4406824176513,3179.192778854965,3118.4137075539443,3169.589597635406,3913.962708646453
2024-01-16 12:00:00,3186.1764444253895,3218.9845363094432,3177.305005951904,3200.021471963745,4938.678958098033
2024-01-16 13:00:00,3226.264755953572,3228.4234427434226,3218.0240151671005,3219.393919006359,3903.919639941182
2024-01-16 14:00:00,3238.4610387977755,3249.136607113309,3213.168404150184,3243.4069812934044,3931.2061790650023
2024-01-16 15:00:00,3245.9412136229153,3275.458598145854,3220.523186277101,3236.8691330012102,3260.0879714360644
2024-01-16 16:00:00,3248.2022511242158,3291.868396917256,3216.3876834252533,3273.8376800954006,1640.286539818292
2024-01-16 17:00:00,3271.531128560588,3271.9977095519425,3259.1971853345067,3268.496276111851,4967.239805397454
2024-01-16 18:00:00,3244.4469620870836,3264.521677880148,3204.443413652126,3216.701520421293,3220.3397972091448
2024-01-16 19:00:00,3230.6857981830735,3261.4850706960824,3221.2845614523026,3235.5712020908504,4135.167137941589
2024-01-16 20:00:00,3238.824792938771,3239.086273615917,3200.7752549373668,3202.128068916047,3982.9351309249287
2024-01-16 21:00:00,3184.2769025259613,3232.1805765319305,3165.879864960857,3187.555663759153,1595.5522013297787
2024-01-16 22:00:00,3175.8919166885657,3219.724454779976,3126.0751998072033,3160.5671129385414,2794.4425238181702
2024-01-16 23:00:00,3173.8913692307055,3218.2011582539594,3144.239152521366,3173.197178454452,2650.487363394495
2024-01-17 00:00:00,3184.9342672442604,3185.095180424474,3153.9548003712684,3165.0249878226705,4176.789325108337
2024-01-17 01:00:00,3140.6044262120586,3170.014539559478,3116.5557817177523,3150.893706462679,1259.4143779318733
2024-01-17 02:00:00,3155.6927337083666,3183.7669631063427,3127.659728987558,3161.5197527850846,3705.871748905449
2024-01-17 03:00:00,3179.8190927659307,3193.3101287723416,3138.5666222569275,3165.842885445259,1308.2331165373246
2024-01-17 04:00:00,3139.3559411998976,3156.0678571347007,3100.1110923443243,3139.7106279562554,4154.459858689626
2024-01-17 05:00:00,3140.746771342752,3162.7567212405265,3133.3741450074376,3143.0172936095105,2736.077464695501
2024-01-17 06:00:00,3118.3333193902877,3129.3639170258484,3088.4220546871006,3118.541472637976,4993.3900455717985
2024-01-17 07:00:00,3144.5282725185893,3176.656532495349,3123.4658698538856,3157.3045654402163,4142.606472320927
2024-01-17 08:00:00,3134.4047368956194,3154.899981380434,3092.4146226138387,3116.3985623218164,3287.489084908746
2024-01-17 09:00:00,3121.6647239735485,3130.8885366302306,3103.552951890934,3112.69701357059,1104.7868341282592
2024-01-17 10:00:00,3084.1485194040715,3125.7333715878603,3070.494978905431,3099.112817235359,2194.902294355092
2024-01-17 11:00:00,3125.5535719422796,3138.5184098855684,3104.070731305333,3134.134262461275,4367.734267167234
2024-01-17 12:00:00,3115.3003475320515,3155.432513021837,3092.391003195157,3122.8380900907064,1533.9198896637752
2024-01-17 13:00:00,3097.674180916134,3134.0711462648223,3072.851123298369,3099.595133345382,3918.032914609587
2024-01-17 14:00:00,3115.5259072848485,3123.471315668316,3085.0146498109666,3090.219916525548,4005.5003441161825
2024-01-17 15:00:00,3099.637225901576,3147.467956955749,3096.189325083755,3099.1150131262298,2128.748298772801
2024-01-17 16:00:00,3084.8173541503843,3097.1662941039845,3039.5046251243325,3053.8938754951846,2087.798904514524
2024-01-17 17:00:00,3069.4577712402624,3091.9447633627897,3030.6222433925036,3034.6306608951263,2950.284774693537
2024-01-17 18:00:00,3006.6474769061233,3009.780137078891,2961.3256042389025,2968.0726736465363,3129.6827291008685
2024-01-17 19:00:00,2962.7384098025786,2980.1055761155208,2917.746742518215,2919.107624086266,3655.158744702356
2024-01-17 20:00:00,2946.911290139079,2974.919699312171,2900.0701670374247,2903.981644859654,2675.173276296646
2024-01-17 21:00:00,2889.591112317377,2926.1321605664134,2840.5262577925146,2862.486745376699,3616.698405896298
2024-01-17 22:00:00,2844.3726033422836,2872.639116070864,2821.1759790078668,2871.1984225126585,3434.109090785866
2024-01-17 23:00:00,2862.1688048378674,2867.873594082264,2854.6064634011204,2857.5957725554576,2003.866645361192
2024-01-18 00:00:00,2878.632736025926,2906.693875440052,2852.463190457208,2858.6871849933837,4440.55877339774
2024-01-18 01:00:00,2872.0560431858926,2875.439461280893,2836.664288324404,2857.740076710327,1326.901382987113
2024-01-18 02:00:00,2855.238115202046,2879.4729295585485,2846.9493881938824,2877.706840996334,4399.901485922648
2024-01-18 03:00:00,2887.8481812360806,2910.962959286111,2867.259904156855,2895.709433479436,3181.7274776276217
2024-01-18 04:00:00,2869.445819832349,2895.0709522708657,2829.1256389707073,2859.410356578765,1207.8263102170736
2024-01-18 05:00:00,2876.587048541807,2886.6552376486056,2863.6560067974046,2867.4441262426535,2320.8602594859904
2024-01-18 06:00:00,2882.8492165839716,2908.8185095591684,2872.605152876436,2904.3943266033866,4518.327419806117
2024-01-18 07:00:00,2926.629032106147,2938.568842675224,2904.0670648970977,2938.0509591270234,4088.0499052399614
2024-01-18 08:00:00,2909.681004400557,2912.9412339635815,2886.4844355599403,2910.539491250937,3154.8071918108567
2024-01-18 09:00:00,2910.408241732994,2915.6819267308256,2877.5692364967795,2908.9017995971662,2521.6800300302493
2024-01-18 10:00:00,2925.438510652686,2973.6623433477266,2915.2501876963015,2945.8189995706516,2148.551832338302
2024-01-18 11:00:00,2963.390264712682,2992.26993300674,2931.661143835167,2980.0217549123395,2583.8818906498195
2024-01-18 12:00:00,3004.9271590167623,3031.5786023790693,2997.029417874995,3021.0721649048314,4173.045401753017
2024-01-18 13:00:00,3010.077865528883,3052.936828378821,2964.770702790595,2989.18429860069,4934.085890860888
2024-01-18 14:00:00,2967.6269902836157,2977.7277737037402,2958.4157483217145,2975.6805002926562,3617.1702092998476
2024-01-18 15:00:00,2954.8067572859927,2976.8229282044103,2924.0418560325024,2928.447179926089,4529.665473629355
2024-01-18 16:00:00,2946.663392052581,2971.923730731413,2898.3070612896227,2929.061233206596,4936.441276145992
2024-01-18 17:00:00,2939.1364331348136,2970.869996797511,2930.8386883700246,2966.1434104734794,2709.9587516824604
2024-01-18 18:00:00,2945.8774148204284,2946.5077908192166,2917.889630638509,2932.9828375036604,3877.414489476634
2024-01-18 19:00:00,2956.398320684729,2960.3686499168803,2919.823496167711,2927.422142255578,4432.708212628656
2024-01-18 20:00:00,2946.565953087277,2973.6056408365544,2911.0538131561116,2930.716987267309,2884.6715957312585
2024-01-18 21:00:00,2950.0152011299374,2972.9784609885983,2932.125287863665,2952.3154345316784,4312.997009748873
2024-01-18 22:00:00,2942.427917373931,2951.115997030718,2906.827216357392,2943.408784260966,1402.5499140941333
2024-01-18 23:00:00,2927.801231026323,2934.8998305143728,2910.4041604472145,2921.435809440903,3995.305347853226
2024-01-19 00:00:00,2930.5046645338034,2961.551092907725,2912.885917203321,2953.8351102202314,2885.1486695926583
2024-01-19 01:00:00,2982.5814065011405,3014.2885134159274,2976.2681694229154,3001.9766729333796,2300.416061726796
2024-01-19 02:00:00,3013.1563047345453,3016.6383621426658,3004.412232875747,3014.8745872216477,1908.7182280940597
2024-01-19 03:00:00,3035.097054736224,3049.0608591589444,3002.9529592332888,3034.9587844100165,3050.619012580212
2024-01-19 04:00:00,3023.2774250118205,3033.9096438303754,3021.617957283699,3025.3539711747403,3612.651162125132
2024-01-19 05:00:00,3051.6522602816494,3095.2124843948022,3013.349021454884,3077.8940513193775,3659.939613903981
2024-01-19 06:00:00,3063.511262773338,3108.8710143086296,3029.9746471780463,3074.191376954775,1443.9578768539243
2024-01-19 07:00:00,3071.0147095831608,3094.0326231432573,3027.7865291070275,3063.9998385063254,2521.6021958816386
2024-01-19 08:00:00,3092.607858216965,3098.1438878832805,3071.4804368013674,3072.6009596720337,3959.616483067721
2024-01-19 09:00:00,3097.685552803983,3111.687419281507,3054.768468964027,3071.4012239055496,4643.080646575661
2024-01-19 10:00:00,3086.6389381213567,3126.8842769634284,3085.738610341334,3125.3540843138016,3906.683968281293
2024-01-19 11:00:00,3113.6391500369696,3155.108883279912,3099.563090116223,3148.0408943715784,1450.321561647748
2024-01-19 12:00:00,3160.262053019226,3187.2969768514718,3155.4353295094543,3163.1424653596478,1049.6161451092592
2024-01-19 13:00:00,3161.2685432875182,3176.3318063255183,3131.3506690726304,3144.720763697919,2199.6764460279387
2024-01-19 14:00:00,3159.312355621815,3161.7194974207328,3114.1676058622156,3154.6943651965066,3671.218732905626
2024-01-19 15:00:00,3160.28765940295,3204.9027843099325,3151.021150426514,3155.2761379117605,1958.0406796381524
2024-01-19 16:00:00,3172.950834633772,3174.684347970096,3143.8104928795974,3174.543486506134,4422.7843753501575
2024-01-19 17:00:00,3175.830227848749,3179.012273313081,3134.2615521294633,3161.066272343881,1459.7319882382674
2024-01-19 18:00:00,3136.6977094332824,3182.179050405112,3103.2376962863787,3168.7027191772336,4515.915601129069
2024-01-19 19:00:00,3173.009060300133,3198.8813778878853,3151.4876897840836,3166.5089575114202,2738.383843434847
2024-01-19 20:00:00,3182.9417368552295,3213.037908405986,3138.3155723574873,3171.445962789117,3428.3583148750163
2024-01-19 21:00:00,3179.3244159746364,3208.9092740899528,3144.1927273203605,3159.558601481105,3049.4551101831626
2024-01-19 22:00:00,3135.812089649606,3155.037656031847,3111.428736218543,3139.871531653353,4802.124210344814
2024-01-19 23:00:00,3145.9105956462545,3183.0902914550825,3120.5972926714944,3160.224355132964,1283.7288645350936
2024-01-20 00:00:00,3145.4878499834745,3163.5805046437313,3121.8631822331486,3123.76752566691,1560.0963902132708
2024-01-20 01:00:00,3110.3763841343884,3158.953018679441,3093.809033779236,3125.2111091901684,1784.3908509535718
2024-01-20 02:00:00,3131.8579134547144,3145.892074230513,3121.508284532793,3134.104282868418,1022.0231966416833
2024-01-20 03:00:00,3104.5641248273714,3115.517565282464,3102.7280567023304,3104.10965301166,2355.4425973550065
2024-01-20 04:00:00,3122.264793786449,3150.867225954914,3096.631407488628,3112.5490140260276,4727.014877731266
2024-01-20 05:00:00,3106.369916500259,3110.7245548400474,3075.516590694369,3079.524608770295,2380.8925712067685
2024-01-20 06:00:00,3079.9693250933633,3123.680451327622,3055.2919960763575,3103.3183882719222,4971.267355996281
2024-01-20 07:00:00,3081.2077354658013,3094.9443117417773,3061.478931685919,3075.5955719989915,2644.084301062183
2024-01-20 08:00:00,3100.052232152385,3135.753864375728,3069.6569714478496,3090.1055468552327,4295.161536885179
2024-01-20 09:00:00,3117.409177544332,3158.4690916718437,3117.3309222847583,3143.5113096495365,1204.5415257684028
2024-01-20 10:00:00,3128.96774286956,3131.9439778869487,3098.7779702220905,3121.5494165556006,1457.9505522636205
2024-01-20 11:00:00,3114.5797495382994,3137.3915749860766,3096.1270984502535,3101.1211317430225,2675.791160749902
2024-01-20 12:00:00,3116.1918146115277,3119.7421978381904,3112.1828139074323,3114.8646663100317,4766.9028464757
2024-01-20 13:00:00,3124.9790251134064,3158.9125229470346,3106.883025571513,3137.7708981496476,1040.5247361109734
2024-01-20 14:00:00,3145.93666093422,3191.601008313032,3115.307987516979,3181.965092477789,3895.892221864375
2024-01-20 15:00:00,3159.19859746201,3204.3212628263022,3155.8764052442216,3181.7443834052615,1568.5484951738308
2024-01-20 16:00:00,3152.4467800491157,3173.5484930554976,3137.694744666408,3155.1196840880007,3308.799546938203
2024-01-20 17:00:00,3127.7440284265376,3133.894193182725,3099.8119086040165,3111.507835992969,3916.6939501977918
2024-01-20 18:00:00,3120.6453349084854,3162.925553057981,3086.0206935750243,3119.0844826690695,3691.8664895777297
2024-01-20 19:00:00,3105.6073531243946,3120.923028063305,3066.158095128355,3090.6062300049402,4193.52136207341
2024-01-20 20:00:00,3109.951572425037,3152.829689308101,3064.1198106329766,3102.352457255483,2275.4672732845556
2024-01-20 21:00:00,3107.28438205113,3125.8430032230112,3077.230673711118,3111.530846164893,3753.6200739685473
2024-01-20 22:00:00,3104.0040193861,3112.347029471038,3082.4775524629895,3086.7367649711264,4560.388140735233
2024-01-20 23:00:00,3077.4894126153977,3085.212399976564,3076.2170246201104,3082.026439398358,3547.6092698189727
2024-01-21 00:00:00,3072.4626893932355,3076.048283835618,3051.981244648474,3059.471328297889,3708.4825589400375
2024-01-21 01:00:00,3065.8180832650505,3084.0477696749276,3054.923455552301,3083.6993253950695,2816.0064847844596
2024-01-21 02:00:00,3094.9957795418836,3102.0234279208016,3070.716294558914,3071.5783903202164,3021.8204716417995
2024-01-21 03:00:00,3099.4194347472785,3118.6297703965683,3097.469634118533,3098.124662872981,2551.947039787478
2024-01-21 04:00:00,3077.7261590607727,3078.893763877182,3039.915478363264,3057.7879191181632,2156.979087890618
2024-01-21 05:00:00,3081.792910099152,3087.599858109178,3033.996968651386,3050.82649189639,4553.614689234725
2024-01-21 06:00:00,3057.0030644851577,3098.338432472232,3007.8024063246344,3033.9134885841017,4844.541941630372
2024-01-21 07:00:00,3027.282402278247,3046.557997515093,3010.2630470655217,3029.9134093472235,1616.5801727139483
2024-01-21 08:00:00,3033.136098468704,3060.2213390892043,2995.0410078384602,3049.3785885047223,2761.765401249696
2024-01-21 09:00:00,3037.518583465812,3050.4853283316666,3027.7873916305684,3029.0958728022933,2369.7919153388534
2024-01-21 10:00:00,3015.3107343301403,3063.6316036234607,2987.425293017638,3013.8899949202673,3321.870403974784
2024-01-21 11:00:00,2992.241797001009,3014.4439844611193,2960.930080929956,2987.092912337092,2607.1152026172967
2024-01-21 12:00:00,3016.7238156710737,3060.73955377852,2985.553517763102,3028.3627445473167,3482.6419192983362
2024-01-21 13:00:00,3010.4414710166625,3030.1983581798786,3008.4684943721177,3018.8020450010267,3172.0983358306526
2024-01-21 14:00:00,3002.467029167219,3050.6684715254946,2956.994298620357,3024.640468920729,3133.5465150614505
2024-01-21 15:00:00,3046.8386184995898,3053.371235690763,3007.3131287858455,3013.0621391794893,4176.842650197622
2024-01-21 16:00:00,2999.6081932745706,3043.46272232548,2952.4060885833005,2965.9549486717347,2850.702420261574
2024-01-21 17:00:00,2994.814191361496,3018.9845631601534,2951.6368152357686,2991.286557383408,2501.3196316784074
2024-01-21 18:00:00,2978.43357071496,2988.594725269264,2940.343661146075,2958.994651927003,3045.101848803005
2024-01-21 19:00:00,2958.534180727074,2987.3981321887304,2915.255323445846,2986.0086143366075,2630.336834295268
